ID,Label,Secondary label
0,1,0
1,1,0
2,6,0
3,6,0
4,6,0
5,6,0
6,6,0
7,6,0
8,1,0
9,6,0
10,1,0
11,6,0
12,6,0
13,6,0
14,6,0
15,6,0
16,6,0
17,6,0
18,6,0
19,1,0
20,1,0
21,1,0
22,1,0
23,1,0
24,1,0
25,1,0
26,1,0
27,1,0
28,1,0
29,1,0
30,1,0
31,1,0
32,1,0
33,1,0
34,1,0
35,3,0
36,3,0
37,3,0
38,3,0
39,3,0
40,3,0
41,1,0
42,1,0
43,1,0
44,1,0
45,1,0
46,1,0
47,1,0
48,1,0
49,1,0
50,1,0
51,1,0
52,1,0
53,1,0
54,6,0
55,6,0
56,6,0
57,6,0
58,6,0
59,6,0
60,6,0
61,1,0
62,1,0
63,1,0
64,1,0
65,1,0
66,1,0
67,3,0
68,3,0
69,3,0
70,3,0
71,3,0
72,3,0
73,1,0
74,1,0
75,3,0
76,3,0
77,1,0
78,1,0
79,3,0
80,3,8
81,8,0
82,8,0
83,8,0
84,8,0
85,8,0
86,1,0
87,1,0
88,3,0
89,3,0
90,3,0
91,3,0
92,3,0
93,3,0
94,3,0
95,3,0
96,1,0
97,1,0
98,1,0
99,1,0
100,6,8
101,6,8
102,6,8
103,6,8
104,6,8
105,8,0
106,8,0
107,8,0
108,6,8
109,6,8
110,6,8
111,6,8
112,6,8
113,6,8
114,6,0
115,6,0
116,6,0
117,6,0
118,6,0
119,8,0
120,8,0
121,8,0
122,8,0
123,8,0
124,1,0
125,1,0
126,1,0
127,1,0
128,1,0
129,1,0
130,1,0
131,1,0
132,1,0
133,1,0
134,1,0
135,2,0
136,2,0
137,2,0
138,2,0
139,2,0
140,2,0
141,1,0
142,1,0
143,1,0
144,1,0
145,1,0
146,1,0
147,8,0
148,8,0
149,8,0
150,1,0
151,1,0
152,3,0
153,3,0
154,3,0
155,1,0
156,1,0
157,2,0
158,2,0
159,2,0
160,2,0
161,2,0
162,1,0
163,1,0
164,1,0
165,1,0
166,1,0
167,1,0
168,1,0
169,1,0
170,1,0
171,1,0
172,1,0
173,1,0
174,3,0
175,3,0
176,3,0
177,3,0
178,1,0
179,1,0
180,3,0
181,3,0
182,3,0
183,3,0
184,3,0
185,3,0
186,3,0
187,3,0
188,1,0
189,1,0
190,1,0
191,8,0
192,8,0
193,8,0
194,1,0
195,1,0
196,1,0
197,1,0
198,1,0
199,1,0
200,3,0
201,3,0
202,3,0
203,3,0
204,3,0
205,3,0
206,3,0
207,1,0
208,1,0
209,1,0
210,1,0
211,6,0
212,6,0
213,6,0
214,6,0
215,6,0
216,6,0
217,6,0
218,6,0
219,6,0
220,6,0
221,6,0
222,6,0
223,6,0
224,6,0
225,6,0
226,6,0
227,1,0
228,1,0
229,1,0
230,1,0
231,1,0
232,1,0
233,1,0
234,1,0
235,1,0
236,1,0
237,1,0
238,1,0
239,1,0
240,1,0
241,1,0
242,1,0
243,1,0
244,1,0
245,1,0
246,1,0
247,6,0
248,6,0
249,6,0
250,6,0
251,6,0
252,8,0
253,3,8
254,8,0
255,3,8
256,3,8
257,3,0
258,3,0
259,8,0
260,3,0
261,3,8
262,3,8
263,3,8
264,3,8
265,3,8
266,3,8
267,3,0
268,3,0
269,3,0
270,3,0
271,3,0
272,1,0
273,1,0
274,1,0
275,1,0
276,3,0
277,3,0
278,3,0
279,3,0
280,3,0
281,3,0
282,1,0
283,3,0
284,3,0
285,3,0
286,3,0
287,3,0
288,3,0
289,3,0
290,3,0
291,1,0
292,1,0
293,1,0
294,1,0
295,1,0
296,6,0
297,6,0
298,6,0
299,6,0
300,6,0
301,6,0
302,6,0
303,6,0
304,6,0
305,6,0
306,6,0
307,6,0
308,6,0
309,6,0
310,6,0
311,6,0
312,6,0
313,6,0
314,1,0
315,1,0
316,1,0
317,1,0
318,1,0
319,1,0
320,1,0
321,1,0
322,1,0
323,1,0
324,1,0
325,1,0
326,1,0
327,1,0
328,1,0
329,3,0
330,3,0
331,3,0
332,3,0
333,3,0
334,3,0
335,1,0
336,1,0
337,1,0
338,8,0
339,8,0
340,8,0
341,4,0
342,4,0
343,1,0
344,1,0
345,1,0
346,1,0
347,4,0
348,4,0
349,4,0
350,4,0
351,4,0
352,4,0
353,4,0
354,4,0
355,4,0
356,4,0
357,4,0
358,4,0
359,4,0
360,4,0
361,1,0
362,7,0
363,7,0
364,7,0
365,1,0
366,1,0
367,1,0
368,1,0
369,1,0
370,3,0
371,3,0
372,3,0
373,3,0
374,3,0
375,3,0
376,3,0
377,3,0
378,3,0
379,3,0
380,3,0
381,3,0
382,3,0
383,3,0
384,3,0
385,3,0
386,3,0
387,3,0
388,1,0
389,1,0
390,1,0
391,1,0
392,1,0
393,1,0
394,1,0
395,1,0
396,1,0
397,1,0
398,1,0
399,2,0
400,2,0
401,2,0
402,1,0
403,1,0
404,1,0
405,2,0
406,1,0
407,1,0
408,1,0
409,1,0
410,1,0
411,1,0
412,1,0
413,1,0
414,1,0
415,1,0
416,1,0
417,1,0
418,1,0
419,1,0
420,1,0
421,1,0
422,1,0
423,1,0
424,1,0
425,1,0
426,1,0
427,1,0
428,1,0
429,1,0
430,1,0
431,3,0
432,3,0
433,3,0
434,3,0
435,3,0
436,3,0
437,3,0
438,1,0
439,1,0
440,1,0
441,1,0
442,1,0
443,1,0
444,1,0
445,4,0
446,4,0
447,4,0
448,4,0
449,4,0
450,4,0
451,4,0
452,4,0
453,4,0
454,4,0
455,1,0
456,4,0
457,4,0
458,4,0
459,4,0
460,4,0
461,4,0
462,4,0
463,4,0
464,4,0
465,4,0
466,4,0
467,4,0
468,1,0
469,1,0
470,1,0
471,8,3
472,8,3
473,8,3
474,8,0
475,8,0
476,8,0
477,8,0
478,3,0
479,3,0
480,3,0
481,3,0
482,3,0
483,3,0
484,3,0
485,3,0
486,3,0
487,1,0
488,1,0
489,1,0
490,1,0
491,1,0
492,1,0
493,8,0
494,8,0
495,8,0
496,8,0
497,8,0
498,8,3
499,3,0
500,3,0
501,3,0
502,3,0
503,3,0
504,3,0
505,3,0
506,3,0
507,1,0
508,1,0
509,1,0
510,1,0
511,1,0
512,1,0
513,1,0
514,1,0
515,1,0
516,1,0
517,1,0
518,1,0
519,1,0
520,1,0
521,1,0
522,1,0
523,6,8
524,6,8
525,6,8
526,6,0
527,6,0
528,6,0
529,6,0
530,6,0
531,6,0
532,8,0
533,8,0
534,8,0
535,8,0
536,8,0
537,8,0
538,8,0
539,8,0
540,8,0
541,8,3
542,8,3
543,8,3
544,3,0
545,3,0
546,3,0
547,3,0
548,3,0
549,3,0
550,3,0
551,3,0
552,3,0
553,1,0
554,1,0
555,1,0
556,1,0
557,1,0
558,1,0
559,1,0
560,1,0
561,1,0
562,1,0
563,1,0
564,7,0
565,7,0
566,7,0
567,7,0
568,7,0
569,7,0
570,7,0
571,1,0
572,1,0
573,1,0
574,1,0
575,1,0
576,1,0
577,1,0
578,1,0
579,1,0
580,1,0
581,1,0
582,1,0
583,1,0
584,4,0
585,4,0
586,4,0
587,4,3
588,4,0
589,4,0
590,4,0
591,4,0
592,4,0
593,1,0
594,1,0
595,1,0
596,1,0
597,1,0
598,3,0
599,3,0
600,3,0
601,3,0
602,3,0
603,3,0
604,3,0
605,3,0
606,3,0
607,3,0
608,1,0
609,1,0
610,1,0
611,1,0
612,1,0
613,1,0
614,1,0
615,1,0
616,1,0
617,1,0
618,1,0
619,1,0
620,1,0
621,1,0
622,2,0
623,2,0
624,2,0
625,2,0
626,2,0
627,2,0
628,1,0
629,1,0
630,1,0
631,1,0
632,1,0
633,1,0
634,3,0
635,3,0
636,3,0
637,3,0
638,3,0
639,3,0
640,3,0
641,3,0
642,3,0
643,3,0
644,3,0
645,1,0
646,1,0
647,1,0
648,1,0
649,1,0
650,1,0
651,1,0
652,1,0
653,1,0
654,1,0
655,1,0
656,1,0
657,4,0
658,4,0
659,4,0
660,4,0
661,1,0
662,1,0
663,1,0
664,1,0
665,1,0
666,3,0
667,3,0
668,3,0
669,3,0
670,3,0
671,3,0
672,3,0
673,3,0
674,1,0
675,1,0
676,1,0
677,1,0
678,1,0
679,1,0
680,1,0
681,1,0
682,1,0
683,1,0
684,1,0
685,1,0
686,2,0
687,2,0
688,1,0
689,2,0
690,2,0
691,2,0
692,2,0
693,2,0
694,1,0
695,1,0
696,1,0
697,1,0
698,1,0
699,1,0
700,1,0
701,1,0
702,1,0
703,1,0
704,1,0
705,1,0
706,1,0
707,1,0
708,1,0
709,1,0
710,1,0
711,1,0
712,1,0
713,1,0
714,1,0
715,1,0
716,1,0
717,1,0
718,1,0
719,1,0
720,1,0
721,2,0
722,2,0
723,2,0
724,2,0
725,2,0
726,2,0
727,2,0
728,2,0
729,2,0
730,2,0
731,2,0
732,2,0
733,1,0
734,1,0
735,1,0
736,1,0
737,3,0
738,3,0
739,3,0
740,3,0
741,3,0
742,3,0
743,3,0
744,3,0
745,3,0
746,3,0
747,1,0
748,1,0
749,1,0
750,1,0
751,1,0
752,1,0
753,1,0
754,1,0
755,1,0
756,1,0
757,1,0
758,1,0
759,1,0
760,1,0
761,4,0
762,4,0
763,4,0
764,4,0
765,4,0
766,4,0
767,4,0
768,1,0
769,1,0
770,1,0
771,1,0
772,8,3
773,8,3
774,3,0
775,3,0
776,3,0
777,3,0
778,3,0
779,3,0
780,3,0
781,3,0
782,3,0
783,3,0
784,3,0
785,3,0
786,3,0
787,3,0
788,3,0
789,3,0
790,3,0
791,1,0
792,1,0
793,1,0
794,1,0
795,1,0
796,8,0
797,8,0
798,8,0
799,8,0
800,8,0
801,8,0
802,1,0
803,1,0
804,8,0
805,8,0
806,8,0
807,1,0
808,1,0
809,1,0
810,1,0
811,1,0
812,3,0
813,3,0
814,3,0
815,3,0
816,3,0
817,3,0
818,3,0
819,1,0
820,1,0
821,8,0
822,8,0
823,8,0
824,8,0
825,8,0
826,8,0
827,1,0
828,1,0
829,1,0
830,1,0
831,1,0
832,1,0
833,1,0
834,1,0
835,1,0
836,1,0
837,1,0
838,3,0
839,3,0
840,3,0
841,3,0
842,3,0
843,3,0
844,3,0
845,3,0
846,1,0
847,8,0
848,8,0
849,8,0
850,8,0
851,8,0
852,8,0
853,8,0
854,8,0
855,8,0
856,1,0
857,1,0
858,1,0
859,1,0
860,1,0
861,1,0
862,1,0
863,1,0
864,1,0
865,1,0
866,3,0
867,3,0
868,3,0
869,3,0
870,3,0
871,3,0
872,1,0
873,1,0
874,1,0
875,1,0
876,8,0
877,8,0
878,8,0
879,8,0
880,8,0
881,8,0
882,1,0
883,8,0
884,1,0
885,1,0
886,1,0
887,1,0
888,8,0
889,8,0
890,8,0
891,8,0
892,1,0
893,1,0
894,1,0
895,1,0
896,1,0
897,6,0
898,6,0
899,6,0
900,6,0
901,6,0
902,6,0
903,6,0
904,6,0
905,6,0
906,6,0
907,6,0
908,1,0
909,1,0
910,1,0
911,1,0
912,1,0
913,1,0
914,1,0
915,1,0
916,1,0
917,1,0
918,1,0
919,1,0
920,1,0
921,1,0
922,1,0
923,1,0
924,6,0
925,6,0
926,6,0
927,6,0
928,6,0
929,6,0
930,6,0
931,6,0
932,1,0
933,1,0
934,8,0
935,8,0
936,8,0
937,8,0
938,8,0
939,8,0
940,8,0
941,8,0
942,8,0
943,8,0
944,1,0
945,3,0
946,3,0
947,3,0
948,3,0
949,3,0
950,3,0
951,1,0
952,1,0
953,1,0
954,1,0
955,1,0
956,1,0
957,1,0
958,1,0
959,1,0
960,1,0
961,1,0
962,1,0
963,1,0
964,1,0
965,1,0
966,1,0
967,1,0
968,1,0
969,1,0
970,3,0
971,3,0
972,3,0
973,3,0
974,3,0
975,3,0
976,3,0
977,1,0
978,1,0
979,1,0
980,1,0
981,4,0
982,4,0
983,4,0
984,4,0
985,4,0
986,4,0
987,1,0
988,1,0
989,1,0
990,1,0
991,1,0
992,1,0
993,1,0
994,1,0
995,1,0
996,1,0
997,1,0
998,1,0
999,1,0
1000,1,0
1001,1,0
1002,1,0
1003,1,0
1004,1,0
1005,1,0
1006,3,0
1007,3,0
1008,3,0
1009,3,0
1010,3,0
1011,3,0
1012,3,0
1013,1,0
1014,1,0
1015,1,0
1016,1,0
1017,1,0
1018,4,0
1019,4,0
1020,7,4
1021,7,4
1022,7,4
1023,7,4
1024,7,4
1025,1,0
1026,1,0
1027,1,0
1028,1,0
1029,1,0
1030,1,0
1031,1,0
1032,1,0
1033,1,0
1034,1,0
1035,1,0
1036,7,3
1037,7,3
1038,7,3
1039,7,3
1040,1,0
1041,3,0
1042,3,0
1043,3,0
1044,3,0
1045,3,0
1046,1,0
1047,3,0
1048,3,0
1049,3,0
1050,3,0
1051,1,0
1052,1,0
1053,1,0
1054,1,0
1055,1,0
1056,1,0
1057,1,0
1058,1,0
1059,1,0
1060,1,0
1061,1,0
1062,1,0
1063,1,0
1064,1,0
1065,1,0
1066,1,0
1067,1,0
1068,1,0
1069,1,0
1070,1,0
1071,1,0
1072,2,0
1073,2,0
1074,2,0
1075,2,0
1076,2,0
1077,2,0
1078,2,0
1079,1,0
1080,1,0
1081,1,0
1082,1,0
1083,1,0
1084,1,0
1085,1,0
1086,1,0
1087,1,0
1088,1,0
1089,1,0
1090,1,0
1091,1,0
1092,1,0
1093,1,0
1094,1,0
1095,1,0
1096,1,0
1097,1,0
1098,1,0
1099,1,0
1100,1,0
1101,1,0
1102,1,0
1103,1,0
1104,1,0
1105,3,0
1106,3,0
1107,3,0
1108,3,0
1109,3,0
1110,3,0
1111,3,0
1112,3,0
1113,3,0
1114,1,0
1115,1,0
1116,1,0
1117,1,0
1118,1,0
1119,1,0
1120,1,0
1121,1,0
1122,1,0
1123,1,0
1124,1,0
1125,1,0
1126,1,0
1127,4,0
1128,4,0
1129,4,0
1130,4,0
1131,4,0
1132,1,0
1133,1,0
1134,1,0
1135,1,0
1136,1,0
1137,1,0
1138,1,0
1139,4,0
1140,4,0
1141,4,0
1142,4,0
1143,4,0
1144,1,0
1145,1,0
1146,1,0
1147,1,0
1148,1,0
1149,1,0
1150,1,0
1151,1,0
1152,1,0
1153,1,0
1154,1,0
1155,1,0
1156,1,0
1157,1,0
1158,1,0
1159,1,0
1160,1,0
1161,3,0
1162,3,0
1163,3,0
1164,3,0
1165,3,0
1166,3,0
1167,3,0
1168,1,0
1169,1,0
1170,1,0
1171,1,0
1172,3,0
1173,3,0
1174,3,0
1175,3,0
1176,1,0
1177,1,0
1178,1,0
1179,1,0
1180,1,0
1181,1,0
1182,1,0
1183,1,0
1184,1,0
1185,1,0
1186,1,0
1187,1,0
1188,1,0
1189,1,0
1190,1,0
1191,1,0
1192,1,0
1193,1,0
1194,1,0
1195,1,0
1196,1,0
1197,1,0
1198,1,0
1199,1,0
1200,1,0
1201,1,0
1202,1,0
1203,1,0
1204,2,0
1205,2,0
1206,2,0
1207,2,0
1208,2,0
1209,2,0
1210,2,0
1211,1,0
1212,1,0
1213,1,0
1214,1,0
1215,1,0
1216,1,0
1217,1,0
1218,1,0
1219,1,0
1220,1,0
1221,1,0
1222,1,0
1223,1,0
1224,1,0
1225,1,0
1226,1,0
1227,1,0
1228,1,0
1229,1,0
1230,1,0
1231,1,0
1232,1,0
1233,1,0
1234,1,0
1235,1,0
1236,3,0
1237,3,0
1238,3,0
1239,3,0
1240,3,0
1241,3,0
1242,3,0
1243,1,0
1244,3,0
1245,3,0
1246,3,0
1247,3,0
1248,1,0
1249,1,0
1250,1,0
1251,4,0
1252,4,0
1253,4,0
1254,4,0
1255,4,0
1256,4,0
1257,4,0
1258,4,0
1259,4,0
1260,4,0
1261,4,0
1262,4,0
1263,4,0
1264,4,0
1265,4,0
1266,4,0
1267,4,0
1268,4,0
1269,4,0
1270,1,0
1271,1,0
1272,1,0
1273,1,0
1274,8,3
1275,8,3
1276,8,3
1277,8,3
1278,8,3
1279,8,0
1280,8,0
1281,8,0
1282,8,3
1283,3,0
1284,3,8
1285,3,8
1286,3,8
1287,3,8
1288,3,8
1289,3,8
1290,3,0
1291,3,0
1292,3,0
1293,3,0
1294,3,0
1295,1,0
1296,1,0
1297,1,0
1298,8,0
1299,8,0
1300,8,0
1301,8,0
1302,8,0
1303,8,0
1304,8,0
1305,8,0
1306,8,0
1307,8,0
1308,1,0
1309,1,0
1310,1,0
1311,1,0
1312,3,0
1313,3,0
1314,3,0
1315,3,0
1316,3,0
1317,3,0
1318,3,0
1319,1,0
1320,1,0
1321,1,0
1322,1,0
1323,1,0
1324,6,0
1325,6,0
1326,6,0
1327,6,0
1328,6,0
1329,6,0
1330,6,0
1331,6,0
1332,6,0
1333,1,0
1334,1,0
1335,6,0
1336,6,0
1337,6,0
1338,6,0
1339,6,0
1340,6,0
1341,6,0
1342,6,0
1343,3,0
1344,3,0
1345,3,0
1346,1,0
1347,1,0
1348,1,0
1349,1,0
1350,1,0
1351,1,0
1352,3,0
1353,3,0
1354,3,0
1355,3,0
1356,3,0
1357,3,0
1358,3,0
1359,3,0
1360,3,0
1361,3,0
1362,3,0
1363,3,0
1364,3,0
1365,3,0
1366,3,0
1367,1,0
1368,1,0
1369,1,0
1370,1,0
1371,1,0
1372,1,0
1373,1,0
1374,1,0
1375,1,0
1376,1,0
1377,1,0
1378,1,0
1379,1,0
1380,1,0
1381,1,0
1382,3,0
1383,3,0
1384,3,0
1385,3,0
1386,3,0
1387,3,0
1388,3,0
1389,3,0
1390,1,0
1391,1,0
1392,4,0
1393,4,0
1394,4,7
1395,4,7
1396,4,7
1397,4,7
1398,4,7
1399,1,0
1400,4,7
1401,4,0
1402,7,0
1403,1,0
1404,4,0
1405,4,0
1406,4,7
1407,7,0
1408,7,4
1409,7,4
1410,7,4
1411,4,0
1412,4,0
1413,4,0
1414,1,0
1415,3,0
1416,3,0
1417,1,0
1418,1,0
1419,1,0
1420,1,0
1421,1,0
1422,1,0
1423,1,0
1424,1,0
1425,3,0
1426,3,0
1427,3,0
1428,3,0
1429,3,0
1430,3,0
1431,1,0
1432,1,0
1433,1,0
1434,1,0
1435,1,0
1436,3,0
1437,3,0
1438,3,0
1439,3,0
1440,1,0
1441,1,0
1442,1,0
1443,1,0
1444,1,0
1445,1,0
1446,1,0
1447,1,0
1448,1,0
1449,1,0
1450,1,0
1451,1,0
1452,1,0
1453,1,0
1454,1,0
1455,3,0
1456,3,0
1457,3,0
1458,3,0
1459,3,0
1460,3,0
1461,3,0
1462,3,0
1463,1,0
1464,1,0
1465,1,0
1466,4,0
1467,4,0
1468,4,0
1469,4,0
1470,4,0
1471,4,0
1472,4,0
1473,1,0
1474,4,0
1475,1,0
1476,1,0
1477,1,0
1478,1,0
1479,1,0
1480,1,0
1481,1,0
1482,1,0
1483,1,0
1484,1,0
1485,1,0
1486,1,0
1487,1,0
1488,1,0
1489,1,0
1490,1,0
1491,1,0
1492,1,0
1493,1,0
1494,1,0
1495,1,0
1496,1,0
1497,4,0
1498,1,0
1499,4,3
1500,4,3
1501,4,0
1502,4,0
1503,4,0
1504,4,0
1505,1,0
1506,1,0
1507,1,0
1508,1,0
1509,1,0
1510,1,0
1511,1,0
1512,1,0
1513,1,0
1514,1,0
1515,1,0
1516,1,0
1517,3,0
1518,1,0
1519,1,0
1520,1,0
1521,3,0
1522,3,0
1523,3,0
1524,1,0
1525,1,0
1526,1,0
1527,1,0
1528,1,0
1529,1,0
1530,1,0
1531,1,0
1532,1,0
1533,1,0
1534,1,0
1535,1,0
1536,1,0
1537,1,0
1538,1,0
1539,1,0
1540,3,0
1541,3,0
1542,3,0
1543,3,0
1544,3,0
1545,3,0
1546,1,0
1547,1,0
1548,1,0
1549,3,0
1550,3,0
1551,3,0
1552,3,0
1553,3,0
1554,3,0
1555,1,0
1556,1,0
1557,3,0
1558,3,0
1559,3,0
1560,3,0
1561,3,2
1562,3,0
1563,1,0
1564,1,0
1565,1,0
1566,1,0
1567,1,0
1568,1,0
1569,1,0
1570,2,0
1571,1,0
1572,1,0
1573,1,0
1574,2,0
1575,2,0
1576,2,0
1577,2,0
1578,1,0
1579,2,0
1580,1,0
1581,2,0
1582,2,0
1583,2,0
1584,2,0
1585,2,0
1586,2,0
1587,2,0
1588,2,0
1589,1,0
1590,1,0
1591,1,0
1592,1,0
1593,3,0
1594,3,0
1595,3,0
1596,3,0
1597,3,0
1598,3,0
1599,3,0
1600,3,0
1601,1,0
1602,3,0
1603,1,0
1604,3,0
1605,3,0
1606,3,0
1607,3,0
1608,3,0
1609,1,0
1610,1,0
1611,1,0
1612,1,0
1613,1,0
1614,1,0
1615,1,0
1616,1,0
1617,1,0
1618,1,0
1619,1,0
1620,1,0
1621,1,0
1622,3,0
1623,3,0
1624,3,0
1625,3,0
1626,3,0
1627,3,0
1628,3,0
1629,1,0
1630,1,0
1631,1,0
1632,4,0
1633,4,0
1634,4,0
1635,4,0
1636,4,0
1637,4,0
1638,4,0
1639,4,0
1640,4,0
1641,4,0
1642,4,0
1643,4,0
1644,4,0
1645,4,0
1646,4,0
1647,4,0
1648,4,0
1649,4,0
1650,1,0
1651,1,0
1652,1,0
1653,1,0
1654,8,0
1655,8,0
1656,8,0
1657,8,0
1658,8,0
1659,8,0
1660,8,0
1661,8,0
1662,8,0
1663,8,0
1664,8,0
1665,8,0
1666,8,0
1667,8,0
1668,1,0
1669,1,0
1670,1,0
1671,1,0
1672,1,0
1673,1,0
1674,3,0
1675,3,0
1676,3,0
1677,3,0
1678,3,0
1679,3,0
1680,3,0
1681,3,0
1682,1,0
1683,1,0
1684,1,0
1685,1,0
1686,1,0
1687,1,0
1688,8,0
1689,8,0
1690,8,0
1691,8,0
1692,8,0
1693,8,0
1694,8,0
1695,1,0
1696,1,0
1697,1,0
1698,1,0
1699,1,0
1700,1,0
1701,6,8
1702,6,8
1703,6,8
1704,6,0
1705,6,0
1706,6,0
1707,6,0
1708,6,0
1709,6,0
1710,6,0
1711,6,0
1712,6,0
1713,6,0
1714,1,0
1715,1,0
1716,1,0
1717,3,0
1718,3,0
1719,3,0
1720,3,0
1721,3,0
1722,8,0
1723,8,0
1724,8,0
1725,8,0
1726,8,0
1727,1,0
1728,1,0
1729,1,0
1730,1,0
1731,1,0
1732,1,0
1733,1,0
1734,1,0
1735,1,0
1736,1,0
1737,1,0
1738,1,0
1739,1,0
1740,6,0
1741,6,0
1742,6,0
1743,6,0
1744,6,0
1745,6,0
1746,6,0
1747,6,0
1748,6,0
1749,6,0
1750,6,0
1751,6,0
1752,6,0
1753,6,0
1754,1,0
1755,1,0
1756,1,0
1757,1,0
1758,1,0
1759,3,0
1760,3,0
1761,3,0
1762,3,0
1763,1,0
1764,1,0
1765,1,0
1766,1,0
1767,1,0
1768,1,0
1769,1,0
1770,1,0
1771,1,0
1772,1,0
1773,1,0
1774,1,0
1775,1,0
1776,1,0
1777,1,0
1778,1,0
1779,1,0
1780,1,0
1781,1,0
1782,6,0
1783,1,0
1784,6,0
1785,6,0
1786,6,0
1787,6,0
1788,6,0
1789,6,0
1790,6,0
1791,6,0
1792,6,0
1793,6,0
1794,6,0
1795,6,0
1796,6,0
1797,1,0
1798,1,0
1799,1,0
1800,1,0
1801,1,0
1802,1,0
1803,1,0
1804,1,0
1805,1,0
1806,3,0
1807,3,0
1808,3,0
1809,3,0
1810,3,0
1811,3,0
1812,3,0
1813,3,0
1814,3,0
1815,3,0
1816,3,0
1817,1,0
1818,1,0
1819,1,0
1820,1,0
1821,7,0
1822,7,0
1823,7,0
1824,1,0
1825,4,0
1826,4,0
1827,1,0
1828,1,0
1829,1,0
1830,1,0
1831,1,0
1832,1,0
1833,4,0
1834,4,0
1835,4,0
1836,4,0
1837,4,0
1838,1,0
1839,1,0
1840,1,0
1841,1,0
1842,1,0
1843,1,0
1844,1,0
1845,1,0
1846,1,0
1847,1,0
1848,1,0
1849,1,0
1850,1,0
1851,3,0
1852,3,0
1853,3,0
1854,3,0
1855,3,0
1856,3,0
1857,3,0
1858,3,0
1859,3,0
1860,1,0
1861,1,0
1862,1,0
1863,1,0
1864,1,0
1865,8,0
1866,8,3
1867,8,3
1868,8,3
1869,8,3
1870,8,3
1871,8,3
1872,8,3
1873,8,3
1874,8,3
1875,8,3
1876,8,3
1877,8,3
1878,8,3
1879,3,0
1880,3,0
1881,3,0
1882,3,0
1883,3,0
1884,1,0
1885,1,0
1886,1,0
1887,1,0
1888,8,0
1889,8,0
1890,8,0
1891,1,0
1892,1,0
1893,6,0
1894,6,0
1895,6,0
1896,6,0
1897,6,0
1898,6,0
1899,1,0
1900,1,0
1901,6,0
1902,6,0
1903,8,0
1904,8,0
1905,1,0
1906,8,0
1907,8,0
1908,8,0
1909,8,0
1910,8,0
1911,8,0
1912,8,0
1913,8,0
1914,8,0
1915,8,0
1916,1,0
1917,1,0
1918,1,0
1919,1,0
1920,1,0
1921,1,0
1922,1,0
1923,1,0
1924,1,0
1925,6,0
1926,6,0
1927,6,0
1928,6,0
1929,6,0
1930,6,0
1931,6,0
1932,6,0
1933,6,0
1934,6,0
1935,6,0
1936,6,0
1937,8,0
1938,1,0
1939,1,0
1940,8,0
1941,8,0
1942,8,0
1943,8,0
1944,1,0
1945,1,0
1946,1,0
1947,3,0
1948,3,0
1949,3,0
1950,1,0
1951,1,0
1952,1,0
1953,3,0
1954,3,0
1955,3,0
1956,3,0
1957,3,0
1958,3,0
1959,3,0
1960,1,0
1961,1,0
1962,1,0
1963,9,0
1964,9,5
1965,9,5
1966,9,0
1967,9,0
1968,9,0
1969,9,0
1970,9,0
1971,9,0
1972,9,0
1973,1,0
1974,1,0
1975,1,0
1976,1,0
1977,1,0
1978,1,0
1979,1,0
1980,1,0
1981,5,0
1982,5,0
1983,5,0
1984,5,0
1985,5,0
1986,5,0
1987,1,0
1988,1,0
1989,1,0
1990,1,0
1991,4,0
1992,4,0
1993,4,0
1994,4,0
1995,4,0
1996,4,0
1997,4,0
1998,4,0
1999,4,0
2000,4,0
2001,1,0
2002,9,0
2003,9,0
2004,9,0
2005,9,0
2006,9,0
2007,9,0
2008,3,0
2009,3,0
2010,3,0
2011,3,0
2012,3,9
2013,3,9
2014,3,9
2015,3,9
2016,9,0
2017,9,0
2018,9,0
2019,9,0
2020,9,0
2021,9,0
2022,9,0
2023,9,0
2024,1,0
2025,1,0
2026,1,0
2027,1,0
2028,1,0
2029,1,0
2030,1,0
2031,1,0
2032,1,0
2033,5,0
2034,1,0
2035,5,0
2036,5,0
2037,5,0
2038,5,0
2039,5,0
2040,5,0
2041,1,0
2042,1,0
2043,1,0
2044,1,0
2045,1,0
2046,4,0
2047,4,0
2048,4,0
2049,4,9
2050,4,9
2051,4,9
2052,9,0
2053,9,0
2054,9,0
2055,9,0
2056,9,0
2057,9,0
2058,3,0
2059,3,0
2060,3,0
2061,3,0
2062,3,0
2063,3,0
2064,3,0
2065,1,0
2066,1,0
2067,1,0
2068,1,0
2069,1,0
2070,2,8
2071,2,8
2072,2,8
2073,2,0
2074,1,0
2075,1,0
2076,1,0
2077,1,0
2078,1,0
2079,1,0
2080,1,0
2081,1,0
2082,1,0
2083,1,0
2084,1,0
2085,1,0
2086,1,0
2087,1,0
2088,1,0
2089,1,0
2090,1,0
2091,1,0
2092,1,0
2093,1,0
2094,1,0
2095,1,0
2096,1,0
2097,1,0
2098,1,0
2099,1,0
2100,2,0
2101,2,0
2102,2,0
2103,2,0
2104,2,0
2105,2,0
2106,2,0
2107,2,0
2108,2,0
2109,2,0
2110,2,0
2111,2,0
2112,2,0
2113,1,0
2114,1,0
2115,1,0
2116,8,0
2117,8,0
2118,8,0
2119,8,0
2120,8,0
2121,1,0
2122,1,0
2123,1,0
2124,1,0
2125,1,0
2126,1,0
2127,3,0
2128,3,0
2129,3,0
2130,3,0
2131,1,0
2132,1,0
2133,1,0
2134,1,0
2135,1,0
2136,1,0
2137,1,0
2138,1,0
2139,1,0
2140,1,0
2141,1,0
2142,2,0
2143,2,0
2144,2,0
2145,1,0
2146,1,0
2147,1,0
2148,1,0
2149,1,0
2150,1,0
2151,1,0
2152,1,0
2153,1,0
2154,1,0
2155,1,0
2156,1,0
2157,1,0
2158,1,0
2159,1,0
2160,3,0
2161,3,0
2162,3,9
2163,3,9
2164,3,9
2165,3,9
2166,3,9
2167,3,9
2168,3,0
2169,3,0
2170,1,0
2171,1,0
2172,1,0
2173,9,0
2174,9,0
2175,9,0
2176,9,0
2177,9,0
2178,9,0
2179,9,0
2180,9,0
2181,9,0
2182,9,0
2183,9,0
2184,9,0
2185,9,0
2186,1,0
2187,1,0
2188,1,0
2189,1,0
2190,1,0
2191,1,0
2192,1,0
2193,1,0
2194,1,0
2195,5,0
2196,5,0
2197,5,0
2198,5,0
2199,5,0
2200,5,0
2201,5,0
2202,1,0
2203,1,0
2204,1,0
2205,1,0
2206,4,0
2207,4,0
2208,4,0
2209,4,0
2210,4,0
2211,4,0
2212,4,0
2213,4,0
2214,4,0
2215,4,0
2216,4,0
2217,1,0
2218,9,0
2219,9,0
2220,9,0
2221,9,0
2222,9,0
2223,9,0
2224,9,0
2225,3,0
2226,3,0
2227,3,0
2228,3,0
2229,3,9
2230,3,9
2231,3,9
2232,3,9
2233,3,9
2234,3,9
2235,9,0
2236,9,0
2237,9,0
2238,9,0
2239,9,0
2240,9,0
2241,1,0
2242,1,0
2243,1,0
2244,1,0
2245,9,0
2246,9,0
2247,9,0
2248,9,0
2249,1,0
2250,1,0
2251,5,0
2252,5,9
2253,5,9
2254,5,9
2255,5,9
2256,5,9
2257,5,0
2258,5,0
2259,5,0
2260,5,0
2261,5,0
2262,1,0
2263,1,0
2264,1,0
2265,1,0
2266,4,0
2267,4,0
2268,4,9
2269,4,9
2270,4,9
2271,4,9
2272,9,4
2273,9,0
2274,9,0
2275,9,0
2276,9,0
2277,9,0
2278,9,0
2279,1,0
2280,1,0
2281,1,0
2282,3,0
2283,3,9
2284,3,9
2285,3,9
2286,9,3
2287,9,3
2288,9,3
2289,9,3
2290,9,0
2291,9,0
2292,9,0
2293,9,0
2294,9,0
2295,1,0
2296,1,0
2297,9,0
2298,9,0
2299,9,5
2300,9,0
2301,1,0
2302,1,0
2303,1,0
2304,1,0
2305,1,0
2306,1,0
2307,1,0
2308,5,0
2309,5,0
2310,5,0
2311,5,0
2312,5,0
2313,5,0
2314,5,0
2315,1,0
2316,1,0
2317,1,0
2318,1,0
2319,4,0
2320,4,0
2321,4,0
2322,4,9
2323,4,9
2324,4,9
2325,9,4
2326,9,0
2327,9,0
2328,9,0
2329,9,0
2330,9,0
2331,1,0
2332,3,0
2333,3,9
2334,3,0
2335,3,0
2336,3,0
2337,3,0
2338,3,0
2339,3,0
2340,1,0
2341,1,0
2342,1,0
2343,1,0
2344,1,0
2345,8,0
2346,8,0
2347,8,0
2348,8,0
2349,1,0
2350,1,0
2351,2,0
2352,2,0
2353,1,0
2354,2,0
2355,1,0
2356,1,0
2357,1,0
2358,1,0
2359,2,0
2360,2,0
2361,2,0
2362,2,0
2363,2,0
2364,2,0
2365,2,0
2366,2,0
2367,2,0
2368,2,0
2369,2,0
2370,1,0
2371,1,0
2372,1,0
2373,1,0
2374,8,0
2375,8,0
2376,8,0
2377,8,0
2378,8,0
2379,8,0
2380,8,0
2381,8,0
2382,8,0
2383,8,0
2384,3,0
2385,3,0
2386,3,0
2387,3,0
2388,3,0
2389,3,0
2390,1,0
2391,1,0
2392,1,0
2393,3,0
2394,3,0
2395,3,0
2396,3,0
2397,3,0
2398,3,0
2399,1,0
2400,1,0
2401,1,0
2402,9,0
2403,9,0
2404,9,0
2405,9,0
2406,9,0
2407,9,0
2408,9,0
2409,9,0
2410,9,0
2411,1,0
2412,1,0
2413,1,0
2414,5,0
2415,1,0
2416,5,0
2417,1,0
2418,5,0
2419,5,0
2420,5,0
2421,5,0
2422,5,0
2423,5,0
2424,1,0
2425,1,0
2426,1,0
2427,1,0
2428,4,0
2429,4,0
2430,4,0
2431,4,0
2432,4,0
2433,4,0
2434,9,0
2435,9,0
2436,9,0
2437,9,0
2438,9,0
2439,9,3
2440,3,9
2441,3,0
2442,3,0
2443,3,0
2444,3,0
2445,3,0
2446,9,3
2447,9,0
2448,9,0
2449,9,0
2450,1,0
2451,1,0
2452,1,0
2453,1,0
2454,1,0
2455,1,0
2456,9,0
2457,9,4
2458,9,4
2459,9,4
2460,9,4
2461,9,4
2462,9,4
2463,9,4
2464,9,4
2465,9,4
2466,9,4
2467,9,4
2468,9,4
2469,9,4
2470,9,4
2471,9,4
2472,9,5
2473,9,5
2474,9,5
2475,9,5
2476,9,5
2477,9,5
2478,9,5
2479,9,5
2480,9,0
2481,9,0
2482,9,3
2483,9,3
2484,9,3
2485,9,0
2486,9,0
2487,9,3
2488,9,3
2489,9,3
2490,9,3
2491,9,3
2492,9,3
2493,9,3
2494,9,4
2495,9,4
2496,9,4
2497,9,4
2498,9,4
2499,9,5
2500,9,5
2501,9,5
2502,9,5
2503,9,5
2504,9,0
2505,9,0
2506,9,0
2507,9,0
2508,9,0
2509,9,3
2510,9,3
2511,9,3
2512,9,3
2513,9,3
2514,9,3
2515,9,4
2516,9,4
2517,9,4
2518,9,4
2519,9,4
2520,9,4
2521,9,5
2522,9,5
2523,9,5
2524,9,5
2525,9,5
2526,9,0
2527,9,0
2528,9,0
2529,9,0
2530,9,0
2531,9,0
2532,9,0
2533,9,3
2534,9,3
2535,9,3
2536,9,3
2537,9,3
2538,9,3
2539,9,3
2540,9,3
2541,9,3
2542,9,3
2543,9,3
2544,9,4
2545,9,4
2546,9,4
2547,9,4
2548,9,4
2549,9,4
2550,9,5
2551,9,5
2552,9,5
2553,9,5
2554,9,5
2555,9,0
2556,9,0
2557,9,0
2558,9,0
2559,9,0
2560,9,0
2561,9,5
2562,1,0
2563,5,0
2564,5,0
2565,5,0
2566,5,0
2567,5,0
2568,5,0
2569,1,0
2570,1,0
2571,1,0
2572,9,3
2573,9,3
2574,9,3
2575,9,3
2576,9,3
2577,9,3
2578,9,3
2579,9,3
2580,9,3
2581,9,3
2582,9,3
2583,9,3
2584,9,3
2585,9,3
2586,9,3
2587,9,4
2588,9,4
2589,9,4
2590,9,4
2591,9,4
2592,9,5
2593,9,5
2594,9,5
2595,9,0
2596,9,0
2597,9,0
2598,9,0
2599,9,0
2600,9,3
2601,9,3
2602,9,3
2603,9,3
2604,9,3
2605,9,3
2606,9,0
2607,9,0
2608,9,3
2609,9,3
2610,9,3
2611,1,0
2612,1,0
2613,1,0
2614,9,0
2615,9,4
2616,9,4
2617,9,4
2618,9,4
2619,9,5
2620,9,5
2621,9,5
2622,9,5
2623,9,5
2624,9,5
2625,9,5
2626,9,5
2627,9,5
2628,9,5
2629,9,0
2630,9,5
2631,9,0
2632,5,0
2633,5,0
2634,5,0
2635,5,0
2636,5,0
2637,1,0
2638,1,0
2639,1,0
2640,1,0
2641,4,0
2642,4,0
2643,4,0
2644,4,0
2645,4,9
2646,4,9
2647,4,9
2648,4,9
2649,9,0
2650,9,0
2651,9,0
2652,9,0
2653,9,0
2654,9,0
2655,1,0
2656,1,0
2657,1,0
2658,3,0
2659,3,0
2660,3,0
2661,3,0
2662,3,0
2663,1,0
2664,1,0
2665,1,0
2666,1,0
2667,1,0
2668,1,0
2669,1,0
2670,2,8
2671,2,8
2672,2,8
2673,2,0
2674,1,0
2675,1,0
2676,1,0
2677,1,0
2678,1,0
2679,1,0
2680,1,0
2681,1,0
2682,1,0
2683,1,0
2684,1,0
2685,2,0
2686,2,0
2687,1,0
2688,1,0
2689,1,0
2690,1,0
2691,1,0
2692,1,0
2693,1,0
2694,1,0
2695,1,0
2696,1,0
2697,1,0
2698,3,0
2699,3,0
2700,3,0
2701,3,0
2702,3,0
2703,3,0
2704,3,9
2705,3,9
2706,3,9
2707,3,0
2708,3,0
2709,3,0
2710,3,0
2711,3,0
2712,3,0
2713,3,0
2714,1,0
2715,1,0
2716,1,0
2717,9,0
2718,9,0
2719,9,0
2720,9,0
2721,9,0
2722,9,0
2723,9,0
2724,9,0
2725,9,0
2726,9,0
2727,9,0
2728,9,0
2729,9,0
2730,9,0
2731,9,3
2732,9,3
2733,9,3
2734,9,3
2735,9,3
2736,9,4
2737,9,4
2738,9,4
2739,9,4
2740,9,4
2741,9,5
2742,9,5
2743,9,5
2744,9,5
2745,9,5
2746,9,5
2747,9,0
2748,9,0
2749,9,0
2750,9,0
2751,9,0
2752,9,0
2753,9,0
2754,9,0
2755,9,3
2756,9,3
2757,9,3
2758,9,3
2759,9,3
2760,9,3
2761,9,3
2762,9,3
2763,9,3
2764,9,3
2765,9,3
2766,9,4
2767,9,4
2768,9,4
2769,9,4
2770,9,4
2771,9,5
2772,9,5
2773,9,5
2774,9,5
2775,9,5
2776,9,5
2777,9,5
2778,9,0
2779,9,0
2780,9,0
2781,9,0
2782,9,0
2783,9,0
2784,9,0
2785,9,0
2786,9,3
2787,9,3
2788,9,3
2789,9,3
2790,9,3
2791,9,3
2792,9,3
2793,9,3
2794,9,3
2795,9,3
2796,9,3
2797,9,4
2798,9,4
2799,9,4
2800,9,4
2801,9,5
2802,9,5
2803,9,5
2804,9,0
2805,9,0
2806,9,0
2807,9,0
2808,9,0
2809,9,0
2810,9,3
2811,9,3
2812,9,3
2813,9,3
2814,9,0
2815,9,0
2816,1,0
2817,1,0
2818,1,0
2819,1,0
2820,1,0
2821,1,0
2822,1,0
2823,1,0
2824,1,0
2825,1,0
2826,1,0
2827,1,0
2828,1,0
2829,1,0
2830,5,0
2831,5,0
2832,5,0
2833,5,0
2834,5,0
2835,5,0
2836,5,0
2837,1,0
2838,1,0
2839,1,0
2840,1,0
2841,4,0
2842,4,0
2843,4,9
2844,4,9
2845,4,9
2846,4,9
2847,4,9
2848,9,0
2849,9,0
2850,9,0
2851,9,0
2852,9,0
2853,9,0
2854,9,0
2855,9,3
2856,9,3
2857,3,0
2858,3,0
2859,3,0
2860,3,0
2861,3,0
2862,1,0
2863,1,0
2864,1,0
2865,1,0
2866,1,0
2867,8,0
2868,1,0
2869,1,0
2870,1,0
2871,1,0
2872,1,0
2873,1,0
2874,1,0
2875,2,0
2876,2,0
2877,1,0
2878,1,0
2879,1,0
2880,1,0
2881,1,0
2882,1,0
2883,1,0
2884,1,0
2885,1,0
2886,1,0
2887,3,0
2888,3,0
2889,3,9
2890,3,9
2891,3,9
2892,3,9
2893,3,9
2894,3,9
2895,3,0
2896,3,0
2897,1,0
2898,1,0
2899,1,0
2900,1,0
2901,9,0
2902,9,0
2903,9,5
2904,9,0
2905,9,0
2906,9,0
2907,9,0
2908,9,0
2909,9,0
2910,9,0
2911,1,0
2912,1,0
2913,1,0
2914,1,0
2915,1,0
2916,1,0
2917,1,0
2918,1,0
2919,1,0
2920,5,0
2921,5,0
2922,5,0
2923,5,0
2924,5,0
2925,5,0
2926,5,0
2927,1,0
2928,1,0
2929,1,0
2930,1,0
2931,4,0
2932,4,0
2933,4,0
2934,4,0
2935,4,0
2936,4,0
2937,4,0
2938,4,0
2939,4,0
2940,4,0
2941,4,0
2942,4,0
2943,4,0
2944,4,0
2945,4,9
2946,9,0
2947,9,0
2948,9,0
2949,9,0
2950,9,0
2951,9,0
2952,9,3
2953,3,0
2954,3,0
2955,3,0
2956,3,0
2957,3,0
2958,3,0
2959,1,0
2960,1,0
2961,1,0
2962,1,0
2963,1,0
2964,1,0
2965,1,0
2966,1,0
2967,1,0
2968,1,0
2969,1,0
2970,1,0
2971,2,0
2972,2,0
2973,2,0
2974,2,0
2975,1,0
2976,1,0
2977,1,0
2978,1,0
2979,1,0
2980,1,0
2981,1,0
2982,1,0
2983,1,0
2984,1,0
2985,2,0
2986,1,0
2987,2,0
2988,2,0
2989,2,0
2990,2,0
2991,2,0
2992,2,0
2993,2,0
2994,2,0
2995,2,0
2996,2,0
2997,2,0
2998,2,0
2999,1,0
3000,1,0
3001,8,0
3002,8,9
3003,8,9
3004,8,9
3005,8,9
3006,3,0
3007,1,0
3008,1,0
3009,1,0
3010,3,0
3011,3,0
3012,3,0
3013,3,0
3014,3,0
3015,1,0
3016,1,0
3017,1,0
3018,3,0
3019,3,0
3020,3,0
3021,3,0
3022,3,0
3023,3,0
3024,1,0
3025,1,0
3026,1,0
3027,1,0
3028,1,0
3029,9,0
3030,9,5
3031,9,0
3032,9,0
3033,9,0
3034,9,0
3035,9,0
3036,9,0
3037,9,0
3038,9,0
3039,9,0
3040,1,0
3041,1,0
3042,1,0
3043,1,0
3044,1,0
3045,1,0
3046,1,0
3047,1,0
3048,5,0
3049,5,0
3050,5,0
3051,5,0
3052,5,0
3053,5,0
3054,5,0
3055,5,0
3056,1,0
3057,1,0
3058,1,0
3059,1,0
3060,1,0
3061,4,0
3062,4,0
3063,4,9
3064,4,9
3065,4,9
3066,4,9
3067,9,0
3068,9,0
3069,9,0
3070,9,0
3071,9,0
3072,3,0
3073,3,0
3074,3,9
3075,3,9
3076,3,9
3077,3,9
3078,3,9
3079,3,9
3080,3,9
3081,3,9
3082,9,0
3083,1,0
3084,1,0
3085,1,0
3086,1,0
3087,1,0
3088,1,0
3089,9,0
3090,9,0
3091,9,0
3092,9,0
3093,1,0
3094,1,0
3095,1,0
3096,1,0
3097,1,0
3098,1,0
3099,1,0
3100,1,0
3101,1,0
3102,5,0
3103,5,0
3104,5,0
3105,5,0
3106,5,0
3107,5,0
3108,5,0
3109,1,0
3110,1,0
3111,1,0
3112,1,0
3113,4,0
3114,4,0
3115,4,0
3116,4,0
3117,4,0
3118,4,0
3119,4,0
3120,4,0
3121,4,0
3122,4,0
3123,1,0
3124,9,0
3125,9,0
3126,9,0
3127,1,0
3128,1,0
3129,1,0
3130,1,0
3131,1,0
3132,1,0
3133,1,0
3134,1,0
3135,3,0
3136,3,0
3137,3,0
3138,3,0
3139,3,0
3140,3,0
3141,3,0
3142,3,0
3143,3,0
3144,3,0
3145,3,0
3146,1,0
3147,1,0
3148,1,0
3149,1,0
3150,1,0
3151,2,8
3152,2,8
3153,2,8
3154,2,8
3155,2,0
3156,1,0
3157,1,0
3158,1,0
3159,1,0
3160,1,0
3161,1,0
3162,1,0
3163,1,0
3164,1,0
3165,1,0
3166,2,0
3167,2,0
3168,2,0
3169,2,0
3170,2,0
3171,2,0
3172,2,0
3173,2,0
3174,2,0
3175,2,0
3176,2,0
3177,1,0
3178,1,0
3179,1,0
3180,1,0
3181,1,0
3182,1,0
3183,3,9
3184,8,3
3185,8,3
3186,8,3
3187,8,3
3188,8,3
3189,8,3
3190,8,3
3191,8,3
3192,8,3
3193,3,0
3194,3,0
3195,3,0
3196,1,0
3197,1,0
3198,1,0
3199,1,0
3200,1,0
3201,1,0
3202,1,0
3203,1,0
3204,1,0
3205,1,0
3206,2,0
3207,2,0
3208,2,0
3209,2,0
3210,2,0
3211,2,0
3212,2,0
3213,2,0
3214,2,0
3215,2,0
3216,1,0
3217,1,0
3218,1,0
3219,8,0
3220,8,0
3221,8,0
3222,8,0
3223,1,0
3224,8,0
3225,8,0
3226,1,0
3227,1,0
3228,1,0
3229,1,0
3230,1,0
3231,3,0
3232,1,0
3233,1,0
3234,1,0
3235,1,0
3236,1,0
3237,1,0
3238,1,0
3239,1,0
3240,1,0
3241,1,0
3242,1,0
3243,2,0
3244,2,0
3245,2,0
3246,2,0
3247,2,0
3248,2,0
3249,2,0
3250,2,0
3251,2,0
3252,2,0
3253,2,0
3254,2,0
3255,2,0
3256,1,0
3257,1,0
3258,1,0
3259,8,0
3260,8,9
3261,8,9
3262,8,9
3263,8,0
3264,8,9
3265,8,0
3266,1,0
3267,1,0
3268,1,0
3269,3,9
3270,1,0
3271,3,0
3272,1,0
3273,1,0
3274,8,3
3275,8,3
3276,8,3
3277,8,3
3278,8,0
3279,8,3
3280,8,3
3281,8,3
3282,1,0
3283,1,0
3284,1,0
3285,3,0
3286,3,0
3287,3,0
3288,3,0
3289,3,0
3290,3,0
3291,3,0
3292,3,0
3293,3,0
3294,1,0
3295,1,0
3296,1,0
3297,9,0
3298,9,0
3299,9,0
3300,9,0
3301,9,0
3302,9,0
3303,9,0
3304,9,0
3305,1,0
3306,1,0
3307,1,0
3308,1,0
3309,1,0
3310,1,0
3311,9,0
3312,9,4
3313,9,4
3314,9,4
3315,9,4
3316,9,5
3317,9,5
3318,9,5
3319,9,5
3320,9,5
3321,9,5
3322,9,0
3323,9,0
3324,9,0
3325,9,0
3326,9,0
3327,9,0
3328,9,0
3329,9,3
3330,9,3
3331,9,3
3332,9,3
3333,9,4
3334,9,4
3335,9,4
3336,9,4
3337,9,4
3338,9,5
3339,9,5
3340,9,5
3341,9,5
3342,9,5
3343,9,5
3344,9,5
3345,9,5
3346,9,5
3347,9,5
3348,9,5
3349,9,0
3350,9,0
3351,1,0
3352,5,0
3353,5,0
3354,5,0
3355,5,0
3356,5,0
3357,1,0
3358,1,0
3359,1,0
3360,1,0
3361,4,0
3362,4,0
3363,4,0
3364,4,0
3365,4,0
3366,4,0
3367,4,0
3368,4,0
3369,4,0
3370,4,0
3371,4,0
3372,4,0
3373,4,0
3374,9,0
3375,9,0
3376,9,0
3377,1,0
3378,1,0
3379,1,0
3380,1,0
3381,1,0
3382,1,0
3383,1,0
3384,1,0
3385,3,0
3386,3,0
3387,3,0
3388,3,0
3389,3,0
3390,3,0
3391,9,0
3392,9,0
3393,9,0
3394,9,0
3395,9,0
3396,9,0
3397,9,0
3398,9,0
3399,9,3
3400,9,3
3401,3,0
3402,3,9
3403,3,9
3404,3,9
3405,4,9
3406,4,9
3407,4,9
3408,4,9
3409,4,9
3410,4,9
3411,4,9
3412,4,9
3413,4,9
3414,9,5
3415,9,5
3416,9,5
3417,9,5
3418,9,0
3419,9,3
3420,9,0
3421,9,0
3422,9,0
3423,9,0
3424,9,0
3425,9,0
3426,9,0
3427,9,3
3428,9,3
3429,9,3
3430,9,3
3431,9,3
3432,9,3
3433,9,3
3434,9,3
3435,9,3
3436,9,3
3437,9,3
3438,9,4
3439,9,4
3440,9,4
3441,9,4
3442,9,4
3443,9,4
3444,9,5
3445,9,5
3446,9,5
3447,9,5
3448,9,5
3449,9,5
3450,9,0
3451,9,0
3452,9,0
3453,9,0
3454,9,0
3455,9,0
3456,9,0
3457,9,0
3458,9,0
3459,9,3
3460,9,3
3461,9,3
3462,9,3
3463,9,3
3464,9,3
3465,9,3
3466,9,3
3467,9,3
3468,9,3
3469,9,3
3470,9,4
3471,9,4
3472,9,4
3473,9,4
3474,9,4
3475,9,5
3476,9,5
3477,9,5
3478,9,0
3479,9,0
3480,9,0
3481,9,0
3482,9,0
3483,9,0
3484,9,0
3485,9,0
3486,9,0
3487,9,0
3488,9,0
3489,9,3
3490,9,3
3491,9,3
3492,9,3
3493,9,3
3494,9,3
3495,9,4
3496,9,4
3497,9,4
3498,4,0
3499,9,3
3500,9,4
3501,9,4
3502,9,4
3503,9,4
3504,9,4
3505,9,4
3506,9,4
3507,9,5
3508,9,5
3509,9,5
3510,9,5
3511,9,5
3512,9,5
3513,9,5
3514,9,5
3515,9,0
3516,9,3
3517,9,3
3518,9,3
3519,9,3
3520,9,3
3521,9,3
3522,9,3
3523,9,3
3524,9,3
3525,9,3
3526,9,3
3527,9,3
3528,9,3
3529,3,0
3530,3,0
3531,1,0
3532,1,0
3533,1,0
3534,1,0
3535,1,0
3536,1,0
3537,1,0
3538,1,0
3539,1,0
3540,1,0
3541,1,0
3542,1,0
3543,1,0
3544,1,0
3545,1,0
3546,5,0
3547,5,0
3548,5,0
3549,5,0
3550,5,0
3551,5,0
3552,5,0
3553,5,0
3554,1,0
3555,1,0
3556,1,0
3557,1,0
3558,1,0
3559,1,0
3560,4,0
3561,4,0
3562,4,0
3563,4,0
3564,4,0
3565,4,0
3566,4,0
3567,4,9
3568,9,0
3569,9,0
3570,9,0
3571,9,0
3572,9,0
3573,9,3
3574,9,3
3575,9,3
3576,9,3
3577,9,0
3578,9,0
3579,9,0
3580,9,0
3581,9,3
3582,9,0
3583,9,0
3584,9,3
3585,9,3
3586,9,3
3587,9,3
3588,9,3
3589,9,3
3590,9,3
3591,9,3
3592,1,0
3593,1,0
3594,1,0
3595,1,0
3596,1,0
3597,1,0
3598,1,0
3599,9,0
3600,9,0
3601,9,0
3602,9,0
3603,9,0
3604,9,0
3605,1,0
3606,1,0
3607,1,0
3608,1,0
3609,1,0
3610,1,0
3611,5,0
3612,5,0
3613,5,0
3614,5,0
3615,5,0
3616,5,0
3617,5,0
3618,5,0
3619,1,0
3620,1,0
3621,1,0
3622,1,0
3623,4,0
3624,4,0
3625,4,0
3626,4,0
3627,4,0
3628,4,0
3629,4,0
3630,4,0
3631,4,0
3632,4,0
3633,4,0
3634,4,0
3635,9,0
3636,9,0
3637,9,0
3638,9,0
3639,9,0
3640,1,0
3641,1,0
3642,1,0
3643,3,0
3644,3,0
3645,3,9
3646,3,9
3647,3,9
3648,3,9
3649,3,9
3650,3,9
3651,9,0
3652,9,0
3653,9,0
3654,9,0
3655,9,0
3656,1,0
3657,1,0
3658,1,0
3659,1,0
3660,9,0
3661,9,5
3662,9,0
3663,9,0
3664,1,0
3665,1,0
3666,1,0
3667,1,0
3668,1,0
3669,1,0
3670,1,0
3671,5,0
3672,5,0
3673,5,0
3674,5,0
3675,5,0
3676,1,0
3677,1,0
3678,1,0
3679,1,0
3680,4,0
3681,4,0
3682,4,0
3683,4,0
3684,4,0
3685,4,0
3686,4,0
3687,4,0
3688,4,0
3689,4,0
3690,4,0
3691,4,0
3692,4,0
3693,4,0
3694,9,0
3695,9,0
3696,9,0
3697,9,0
3698,9,0
3699,9,0
3700,1,0
3701,1,0
3702,3,0
3703,3,0
3704,3,0
3705,3,0
3706,3,0
3707,3,0
3708,3,0
3709,1,0
3710,1,0
3711,1,0
3712,1,0
3713,1,0
3714,1,0
3715,8,0
3716,8,0
3717,1,0
3718,1,0
3719,1,0
3720,1,0
3721,1,0
3722,1,0
3723,1,0
3724,1,0
3725,1,0
3726,1,0
3727,1,0
3728,1,0
3729,1,0
3730,1,0
3731,1,0
3732,1,0
3733,1,0
3734,1,0
3735,3,0
3736,3,9
3737,3,9
3738,3,9
3739,3,9
3740,3,9
3741,3,9
3742,3,9
3743,3,0
3744,1,0
3745,1,0
3746,1,0
3747,1,0
3748,9,0
3749,9,0
3750,9,0
3751,9,0
3752,9,0
3753,9,0
3754,9,0
3755,9,0
3756,9,0
3757,9,0
3758,9,3
3759,9,3
3760,9,3
3761,9,3
3762,9,3
3763,9,3
3764,1,0
3765,1,0
3766,1,0
3767,1,0
3768,1,0
3769,1,0
3770,1,0
3771,1,0
3772,9,0
3773,9,4
3774,9,4
3775,9,4
3776,9,4
3777,9,4
3778,9,4
3779,9,4
3780,9,4
3781,9,4
3782,9,4
3783,9,5
3784,9,5
3785,9,5
3786,9,5
3787,9,5
3788,9,0
3789,9,0
3790,9,0
3791,9,3
3792,9,3
3793,9,3
3794,9,3
3795,9,3
3796,9,3
3797,9,3
3798,9,3
3799,9,3
3800,9,0
3801,9,0
3802,9,3
3803,3,0
3804,3,0
3805,3,4
3806,3,4
3807,3,4
3808,3,4
3809,4,9
3810,4,0
3811,9,4
3812,9,5
3813,9,5
3814,9,5
3815,9,5
3816,9,0
3817,9,0
3818,9,0
3819,9,0
3820,9,0
3821,1,0
3822,5,0
3823,9,5
3824,9,5
3825,9,5
3826,9,5
3827,5,0
3828,5,0
3829,5,0
3830,5,0
3831,5,0
3832,5,0
3833,1,0
3834,1,0
3835,1,0
3836,1,0
3837,4,0
3838,4,0
3839,4,0
3840,4,0
3841,4,0
3842,4,0
3843,4,0
3844,4,0
3845,1,0
3846,9,0
3847,9,0
3848,9,0
3849,9,0
3850,9,0
3851,9,0
3852,1,0
3853,9,0
3854,9,0
3855,9,0
3856,9,0
3857,1,0
3858,1,0
3859,1,0
3860,3,0
3861,3,0
3862,3,0
3863,3,0
3864,3,0
3865,3,0
3866,3,0
3867,3,0
3868,3,0
3869,1,0
3870,1,0
3871,1,0
3872,1,0
3873,1,0
3874,1,0
3875,1,0
3876,8,0
3877,1,0
3878,1,0
3879,1,0
3880,1,0
3881,1,0
3882,2,0
3883,2,0
3884,2,0
3885,1,0
3886,1,0
3887,1,0
3888,1,0
3889,1,0
3890,1,0
3891,1,0
3892,1,0
3893,1,0
3894,1,0
3895,1,0
3896,1,0
3897,1,0
3898,1,0
3899,3,0
3900,3,0
3901,3,9
3902,3,9
3903,3,9
3904,3,9
3905,3,9
3906,3,9
3907,3,9
3908,3,9
3909,1,0
3910,1,0
3911,1,0
3912,9,0
3913,9,0
3914,9,0
3915,9,0
3916,9,0
3917,9,0
3918,9,0
3919,9,0
3920,9,0
3921,9,0
3922,9,0
3923,1,0
3924,1,0
3925,1,0
3926,1,0
3927,1,0
3928,1,0
3929,1,0
3930,5,0
3931,5,0
3932,5,0
3933,5,0
3934,5,0
3935,5,0
3936,5,0
3937,1,0
3938,1,0
3939,1,0
3940,1,0
3941,1,0
3942,1,0
3943,4,0
3944,4,0
3945,4,0
3946,4,0
3947,4,0
3948,4,0
3949,9,0
3950,9,0
3951,9,0
3952,9,0
3953,9,3
3954,3,9
3955,3,0
3956,3,0
3957,3,0
3958,3,0
3959,3,9
3960,3,9
3961,9,0
3962,9,0
3963,9,0
3964,9,0
3965,9,0
3966,9,0
3967,9,0
3968,9,0
3969,9,0
3970,9,0
3971,9,0
3972,9,0
3973,9,0
3974,9,3
3975,9,3
3976,9,3
3977,9,3
3978,9,3
3979,9,4
3980,9,4
3981,9,4
3982,9,4
3983,9,4
3984,9,4
3985,9,4
3986,9,5
3987,9,5
3988,9,5
3989,9,5
3990,9,5
3991,9,5
3992,9,5
3993,9,0
3994,9,0
3995,9,0
3996,9,0
3997,9,3
3998,9,3
3999,9,3
